asphalt_01,asphalt_01,asphalt_01,asphalt_01,asphalt_01,asphalt_01,asphalt_01,asphalt_01,asphalt_01,asphalt_01,asphalt_01,asphalt_01,asphalt_01,asphalt_01,asphalt_01
asphalt_01,asphalt_01,asphalt_01,asphalt_01,asphalt_01,asphalt_01,asphalt_01,asphalt_01,asphalt_01,asphalt_01,asphalt_01,asphalt_01,asphalt_01,asphalt_01,asphalt_01
asphalt_01,asphalt_01,asphalt_01,asphalt_01,asphalt_01,asphalt_01,asphalt_01,asphalt_01,asphalt_01,asphalt_01,asphalt_01,asphalt_01,asphalt_01,asphalt_01,asphalt_01
asphalt_01,asphalt_01,asphalt_01,asphalt_01,asphalt_01,asphalt_01,asphalt_01,asphalt_01,asphalt_01,asphalt_01,asphalt_01,asphalt_01,asphalt_01,asphalt_01,asphalt_01
asphalt_01,asphalt_01,asphalt_01,asphalt_01,asphalt_01,asphalt_01,asphalt_01,asphalt_01,asphalt_01,asphalt_01,asphalt_01,asphalt_01,asphalt_01,asphalt_01,asphalt_01
asphalt_01,asphalt_01,asphalt_01,asphalt_01,asphalt_01,asphalt_01,asphalt_01,asphalt_01,asphalt_01,asphalt_01,asphalt_01,asphalt_01,asphalt_01,asphalt_01,asphalt_01
asphalt_01,asphalt_01,asphalt_01,asphalt_01,asphalt_01,asphalt_01,asphalt_01,asphalt_01,asphalt_01,asphalt_01,asphalt_01,asphalt_01,asphalt_01,asphalt_01,asphalt_01
asphalt_01,asphalt_01,asphalt_01,asphalt_01,asphalt_01,asphalt_01,asphalt_01,asphalt_01,asphalt_01,asphalt_01,asphalt_01,asphalt_01,asphalt_01,asphalt_01,asphalt_01
asphalt_01,asphalt_01,asphalt_01,asphalt_01,asphalt_01,asphalt_01,asphalt_01,asphalt_01,asphalt_01,asphalt_01,asphalt_01,asphalt_01,asphalt_01,asphalt_01,asphalt_01
asphalt_01,asphalt_01,asphalt_01,asphalt_01,asphalt_01,asphalt_01,asphalt_01,asphalt_01,asphalt_01,asphalt_01,asphalt_01,asphalt_01,asphalt_01,asphalt_01,asphalt_01
asphalt_01,asphalt_01,asphalt_01,asphalt_01,asphalt_01,asphalt_01,asphalt_01,asphalt_01,asphalt_01,asphalt_01,asphalt_01,asphalt_01,asphalt_01,asphalt_01,asphalt_01
asphalt_01,asphalt_01,asphalt_01,asphalt_01,asphalt_01,asphalt_01,asphalt_01,asphalt_01,asphalt_01,asphalt_01,asphalt_01,asphalt_01,asphalt_01,asphalt_01,asphalt_01
asphalt_01,asphalt_01,asphalt_01,asphalt_01,asphalt_01,asphalt_01,asphalt_01,asphalt_01,asphalt_01,asphalt_01,asphalt_01,asphalt_01,asphalt_01,asphalt_01,asphalt_01
asphalt_01,asphalt_01,asphalt_01,asphalt_01,asphalt_01,asphalt_01,asphalt_01,asphalt_01,asphalt_01,asphalt_01,asphalt_01,asphalt_01,asphalt_01,asphalt_01,asphalt_01
asphalt_01,asphalt_01,asphalt_01,asphalt_01,asphalt_01,asphalt_01,asphalt_01,asphalt_01,asphalt_01,asphalt_01,asphalt_01,asphalt_01,asphalt_01,asphalt_01,asphalt_01
